Meldedatum, difference, region, region_id, trend, value
2020-03-02, , Baden-Württemberg, 8, , 0.2
2020-03-03, , Baden-Württemberg, 8, , 0.3
2020-03-04, , Baden-Württemberg, 8, , 0.5
2020-03-05, , Baden-Württemberg, 8, , 0.8
2020-03-06, 0.3056, Baden-Württemberg, 8, 0.0006, 1.1
2020-03-07, 0.3056, Baden-Württemberg, 8, 0.0006, 1.5
2020-03-08, 0.5393, Baden-Württemberg, 8, 0.001, 1.7
2020-03-09, 0.5663, Baden-Württemberg, 8, 0.001, 1.9
2020-03-10, 0.5663, Baden-Württemberg, 8, 0.001, 2.3
2020-03-11, 1.3304, Baden-Württemberg, 8, 0.0024, 3.1
2020-03-12, 2.2742, Baden-Württemberg, 8, 0.0042, 4.1
2020-03-13, 2.49, Baden-Württemberg, 8, 0.0046, 5.5
2020-03-14, 2.9484, Baden-Württemberg, 8, 0.0054, 7.8
2020-03-15, 2.5709, Baden-Württemberg, 8, 0.0047, 10.5
2020-03-16, 7.0834, Baden-Württemberg, 8, 0.013, 11.9
2020-03-17, 10.4183, Baden-Württemberg, 8, 0.0191, 15.3
2020-03-18, 9.852, Baden-Württemberg, 8, 0.018, 19.7
2020-03-19, 12.5757, Baden-Württemberg, 8, 0.023, 25.5
2020-03-20, 15.9915, Baden-Württemberg, 8, 0.0292, 29.8
2020-03-21, 20.9715, Baden-Württemberg, 8, 0.0384, 34.5
2020-03-22, 19.4343, Baden-Württemberg, 8, 0.0355, 36.7
2020-03-23, 13.4566, Baden-Württemberg, 8, 0.0246, 40
2020-03-24, 20.1535, Baden-Württemberg, 8, 0.0369, 42
2020-03-25, 20.8636, Baden-Württemberg, 8, 0.0382, 47.3
2020-03-26, 20.8546, Baden-Württemberg, 8, 0.0381, 50.8
2020-03-27, 19.0838, Baden-Württemberg, 8, 0.0349, 55.9
2020-03-28, 20.549, Baden-Württemberg, 8, 0.0376, 59.4
2020-03-29, 17.4927, Baden-Württemberg, 8, 0.032, 63.3
2020-03-30, 24.4053, Baden-Württemberg, 8, 0.0446, 64.3
2020-03-31, 21.4029, Baden-Württemberg, 8, 0.0391, 66.8
2020-04-01, 19.7939, Baden-Württemberg, 8, 0.0362, 67.2
2020-04-02, 16.1713, Baden-Württemberg, 8, 0.0296, 67.7
2020-04-03, 15.8387, Baden-Württemberg, 8, 0.029, 69.4
2020-04-04, 6.607, Baden-Württemberg, 8, 0.0121, 69.7
2020-04-05, 16.5578, Baden-Württemberg, 8, 0.0303, 68.4
2020-04-06, 12.1083, Baden-Württemberg, 8, 0.0221, 66.9
2020-04-07, 3.6765, Baden-Württemberg, 8, 0.0067, 63.6
2020-04-08, -1.8967, Baden-Württemberg, 8, -0.0036, 60.7
2020-04-09, -4.6923, Baden-Württemberg, 8, -0.009, 58
2020-04-10, -11.2543, Baden-Württemberg, 8, -0.0215, 54.2
2020-04-11, -9.87, Baden-Württemberg, 8, -0.0189, 48.8
2020-04-12, -18.4815, Baden-Württemberg, 8, -0.0353, 47.8
2020-04-13, -19.6051, Baden-Württemberg, 8, -0.0375, 47.2
2020-04-14, -19.0208, Baden-Württemberg, 8, -0.0364, 44.7
2020-04-15, -17.2949, Baden-Württemberg, 8, -0.0331, 39.9
2020-04-16, -19.0118, Baden-Württemberg, 8, -0.0363, 37.1
2020-04-17, -17.214, Baden-Württemberg, 8, -0.0329, 34.1
2020-04-18, -15.8747, Baden-Württemberg, 8, -0.0303, 33.1
2020-04-19, -13.7982, Baden-Württemberg, 8, -0.0264, 29.8
2020-04-20, -13.951, Baden-Württemberg, 8, -0.0267, 28.7
2020-04-21, -11.7397, Baden-Württemberg, 8, -0.0224, 28.6
2020-04-22, -8.8902, Baden-Württemberg, 8, -0.017, 28.7
2020-04-23, -5.3485, Baden-Württemberg, 8, -0.0102, 27.6
2020-04-24, -5.0249, Baden-Württemberg, 8, -0.0096, 25.5
2020-04-25, -7.1373, Baden-Württemberg, 8, -0.0136, 23.8
2020-04-26, -4.3147, Baden-Württemberg, 8, -0.0082, 23.2
2020-04-27, -4.1979, Baden-Württemberg, 8, -0.008, 21.7
2020-04-28, -6.4002, Baden-Württemberg, 8, -0.0122, 20.8
2020-04-29, -7.1553, Baden-Württemberg, 8, -0.0137, 18.9
2020-04-30, -8.6205, Baden-Württemberg, 8, -0.0165, 16.9
2020-05-01, -7.0025, Baden-Württemberg, 8, -0.0134, 15.4
2020-05-02, -6.6879, Baden-Württemberg, 8, -0.0128, 13.6
2020-05-03, -9.7441, Baden-Württemberg, 8, -0.0186, 11.7
2020-05-04, -9.6902, Baden-Württemberg, 8, -0.0185, 10.9
2020-05-05, -9.852, Baden-Württemberg, 8, -0.0188, 10.1
2020-05-06, -8.5756, Baden-Württemberg, 8, -0.0164, 9.5
2020-05-07, -7.362, Baden-Württemberg, 8, -0.0141, 8.2
2020-05-08, -7.2632, Baden-Württemberg, 8, -0.0139, 7.4
2020-05-09, -5.5462, Baden-Württemberg, 8, -0.0106, 7.9
2020-05-10, -3.3979, Baden-Württemberg, 8, -0.0065, 8
2020-05-11, -3.4248, Baden-Württemberg, 8, -0.0065, 8.1
2020-05-12, -2.3282, Baden-Württemberg, 8, -0.0045, 8.2
2020-05-13, -1.4742, Baden-Württemberg, 8, -0.0028, 8
2020-05-14, -0.1258, Baden-Württemberg, 8, -0.0002, 8
2020-05-15, 0.5393, Baden-Württemberg, 8, 0.001, 7.3
2020-05-16, -0.7551, Baden-Württemberg, 8, -0.0014, 6.4
2020-05-17, -1.9866, Baden-Württemberg, 8, -0.0038, 5.7
2020-05-18, -1.8967, Baden-Württemberg, 8, -0.0036, 5.5
2020-05-19, -2.6158, Baden-Württemberg, 8, -0.005, 5
2020-05-20, -2.5978, Baden-Württemberg, 8, -0.005, 5.1
2020-05-21, -3.3799, Baden-Württemberg, 8, -0.0065, 4.7
2020-05-22, -3.9372, Baden-Württemberg, 8, -0.0075, 4.2
2020-05-23, -2.2293, Baden-Württemberg, 8, -0.0043, 3.8
2020-05-24, -1.5911, Baden-Württemberg, 8, -0.003, 3.8
2020-05-25, -1.5371, Baden-Württemberg, 8, -0.0029, 3.6
2020-05-26, -1.0337, Baden-Württemberg, 8, -0.002, 3.6
2020-05-27, -1.2944, Baden-Württemberg, 8, -0.0025, 3.2
2020-05-28, -1.1506, Baden-Württemberg, 8, -0.0022, 3.1
2020-05-29, 0.2067, Baden-Württemberg, 8, 0.0004, 3.3
2020-05-30, -0.7731, Baden-Württemberg, 8, -0.0015, 3.1
2020-05-31, -1.2405, Baden-Württemberg, 8, -0.0024, 2.9
2020-06-01, -0.8629, Baden-Württemberg, 8, -0.0016, 2.8
2020-06-02, -0.9439, Baden-Württemberg, 8, -0.0018, 2.6
2020-06-03, -0.8719, Baden-Württemberg, 8, -0.0017, 2.2
2020-06-04, -1.0158, Baden-Württemberg, 8, -0.0019, 1.8
2020-06-05, -1.609, Baden-Württemberg, 8, -0.0031, 1.6
2020-06-06, -1.3484, Baden-Württemberg, 8, -0.0026, 1.5
2020-06-07, -0.9259, Baden-Württemberg, 8, -0.0018, 1.6
2020-06-08, -1.2135, Baden-Württemberg, 8, -0.0023, 1.6
2020-06-09, -0.9079, Baden-Württemberg, 8, -0.0017, 1.7
2020-06-10, -0.5214, Baden-Württemberg, 8, -0.001, 1.8
2020-06-11, 0.1708, Baden-Württemberg, 8, 0.0003, 2
2020-06-12, 0.2607, Baden-Württemberg, 8, 0.0005, 1.7
2020-06-13, 0.1348, Baden-Württemberg, 8, 0.0002, 1.7
2020-06-14, -0.0899, Baden-Württemberg, 8, -0.0002, 1.5
2020-06-15, -0.3326, Baden-Württemberg, 8, -0.0006, 1.5
2020-06-16, -0.1258, Baden-Württemberg, 8, -0.0002, 1.6
2020-06-17, -0.0989, Baden-Württemberg, 8, -0.0002, 1.7
2020-06-18, -0.3146, Baden-Württemberg, 8, -0.0006, 1.4
2020-06-19, -0.2247, Baden-Württemberg, 8, -0.0004, 1.5
2020-06-20, -0.1258, Baden-Württemberg, 8, -0.0002, 1.5
2020-06-21, 0.0539, Baden-Württemberg, 8, 0.0001, 1.8
2020-06-22, -0.009, Baden-Württemberg, 8, , 1.7
2020-06-23, 0.1978, Baden-Württemberg, 8, 0.0004, 1.8
2020-06-24, 0.2697, Baden-Württemberg, 8, 0.0005, 1.8
2020-06-25, 0.4674, Baden-Württemberg, 8, 0.0009, 1.9
2020-06-26, 0.5393, Baden-Württemberg, 8, 0.001, 2.1
2020-06-27, 0.6562, Baden-Württemberg, 8, 0.0012, 2.5
2020-06-28, 0.4405, Baden-Württemberg, 8, 0.0008, 2.5
2020-06-29, 0.5214, Baden-Württemberg, 8, 0.001, 2.5
2020-06-30, 0.3236, Baden-Württemberg, 8, 0.0006, 2.4
2020-07-01, 0.5034, Baden-Württemberg, 8, 0.0009, 2.5
2020-07-02, 0.5034, Baden-Württemberg, 8, 0.0009, 2.5
2020-07-03, 0.2427, Baden-Württemberg, 8, 0.0004, 2.4
2020-07-04, -0.1978, Baden-Württemberg, 8, -0.0004, 2.1
2020-07-05, -0.1978, Baden-Württemberg, 8, -0.0004, 2
2020-07-06, -0.1978, Baden-Württemberg, 8, -0.0004, 1.9
2020-07-07, -0.1888, Baden-Württemberg, 8, -0.0004, 2.1
2020-07-08, -0.5663, Baden-Württemberg, 8, -0.0011, 2
2020-07-09, -0.6292, Baden-Württemberg, 8, -0.0012, 2
2020-07-10, -0.3326, Baden-Württemberg, 8, -0.0006, 2.2
2020-07-11, 0.0809, Baden-Württemberg, 8, 0.0001, 2.1
2020-07-12, 0.1888, Baden-Württemberg, 8, 0.0003, 2.1
2020-07-13, 0.2517, Baden-Württemberg, 8, 0.0005, 2.2
2020-07-14, 0.2067, Baden-Württemberg, 8, 0.0004, 2.3
2020-07-15, 0.4944, Baden-Württemberg, 8, 0.0009, 2.6
2020-07-16, 0.6652, Baden-Württemberg, 8, 0.0012, 2.6
2020-07-17, 0.3865, Baden-Württemberg, 8, 0.0007, 2.7
2020-07-18, 0.6023, Baden-Württemberg, 8, 0.0011, 3.1
2020-07-19, 0.5843, Baden-Württemberg, 8, 0.0011, 3.4
2020-07-20, 0.4764, Baden-Württemberg, 8, 0.0009, 3.6
2020-07-21, 1.0787, Baden-Württemberg, 8, 0.002, 3.7
2020-07-22, 0.9708, Baden-Württemberg, 8, 0.0018, 3.6
2020-07-23, 0.4495, Baden-Württemberg, 8, 0.0008, 4.1
2020-07-24, 1.5551, Baden-Württemberg, 8, 0.0028, 4.3
2020-07-25, 1.2585, Baden-Württemberg, 8, 0.0023, 4.6
2020-07-26, 0.9708, Baden-Württemberg, 8, 0.0018, 4.5
2020-07-27, 0.8899, Baden-Württemberg, 8, 0.0016, 4.4
2020-07-28, 0.3506, Baden-Württemberg, 8, 0.0006, 4.6
2020-07-29, 0.9349, Baden-Württemberg, 8, 0.0017, 4.7
2020-07-30, 1.0337, Baden-Württemberg, 8, 0.0019, 4.7
2020-07-31, 0.2607, Baden-Württemberg, 8, 0.0005, 4.8
2020-08-01, -0.3326, Baden-Württemberg, 8, -0.0006, 4.7
2020-08-02, -0.2966, Baden-Württemberg, 8, -0.0006, 4.6
2020-08-03, -0.2337, Baden-Württemberg, 8, -0.0004, 4.6
2020-08-04, 0.3506, Baden-Württemberg, 8, 0.0006, 4.4
2020-08-05, -0.2966, Baden-Württemberg, 8, -0.0006, 4.3
2020-08-06, -0.4135, Baden-Württemberg, 8, -0.0008, 4.2
2020-08-07, -0.809, Baden-Württemberg, 8, -0.0015, 4.1
2020-08-08, -0.2517, Baden-Württemberg, 8, -0.0005, 3.9
2020-08-09, -0.009, Baden-Württemberg, 8, , 4
2020-08-10, 0.2697, Baden-Württemberg, 8, 0.0005, 4.1
2020-08-11, -0.2607, Baden-Württemberg, 8, -0.0005, 4.3
2020-08-12, -0.0989, Baden-Württemberg, 8, -0.0002, 4.8
2020-08-13, 1.1506, Baden-Württemberg, 8, 0.0021, 5.4
2020-08-14, 1.636, Baden-Württemberg, 8, 0.003, 6
2020-08-15, 2.3102, Baden-Württemberg, 8, 0.0042, 6.6
2020-08-16, 2.5349, Baden-Württemberg, 8, 0.0046, 6.9
2020-08-17, 2.49, Baden-Württemberg, 8, 0.0046, 7
2020-08-18, 3.3439, Baden-Württemberg, 8, 0.0061, 8.3
2020-08-19, 4.144, Baden-Württemberg, 8, 0.0076, 9.7
2020-08-20, 4.2069, Baden-Württemberg, 8, 0.0077, 10.9
2020-08-21, 4.9799, Baden-Württemberg, 8, 0.0091, 11.9
2020-08-22, 5.9597, Baden-Württemberg, 8, 0.0109, 13.3
2020-08-23, 6.9306, Baden-Württemberg, 8, 0.0127, 14.1
2020-08-24, 7.8474, Baden-Württemberg, 8, 0.0144, 15.1
2020-08-25, 6.3013, Baden-Württemberg, 8, 0.0115, 15.2
2020-08-26, 5.8339, Baden-Württemberg, 8, 0.0107, 15.5
2020-08-27, 4.7912, Baden-Württemberg, 8, 0.0088, 15.5
2020-08-28, 3.9732, Baden-Württemberg, 8, 0.0073, 16.1
2020-08-29, 2.6248, Baden-Württemberg, 8, 0.0048, 15.9
2020-08-30, 1.8158, Baden-Württemberg, 8, 0.0033, 15.9
2020-08-31, 1.0607, Baden-Württemberg, 8, 0.0019, 15.9
2020-09-01, 0.836, Baden-Württemberg, 8, 0.0015, 15.5
2020-09-02, -0.2157, Baden-Württemberg, 8, -0.0004, 15.3
2020-09-03, -0.5933, Baden-Württemberg, 8, -0.0011, 15.4
2020-09-04, -1.0248, Baden-Württemberg, 8, -0.002, 15
2020-09-05, -0.9169, Baden-Württemberg, 8, -0.0018, 15
2020-09-06, -1.1955, Baden-Württemberg, 8, -0.0023, 15.8
2020-09-07, -1.2495, Baden-Württemberg, 8, -0.0024, 15.4
2020-09-08, 0.0809, Baden-Württemberg, 8, 0.0001, 15.8
2020-09-09, 0.4764, Baden-Württemberg, 8, 0.0009, 15.3
2020-09-10, 0.6652, Baden-Württemberg, 8, 0.0012, 15.1
2020-09-11, 0.3326, Baden-Württemberg, 8, 0.0006, 15.1
2020-09-12, -0.0989, Baden-Württemberg, 8, -0.0002, 14.9
2020-09-13, -0.8719, Baden-Württemberg, 8, -0.0017, 14.5
2020-09-14, -0.3146, Baden-Württemberg, 8, -0.0006, 14.6
2020-09-15, -2.5439, Baden-Württemberg, 8, -0.0049, 14.3
2020-09-16, -0.6652, Baden-Württemberg, 8, -0.0013, 15.5
2020-09-17, -0.3416, Baden-Württemberg, 8, -0.0007, 16.3
2020-09-18, 1.0967, Baden-Württemberg, 8, 0.002, 17.1
2020-09-19, 1.8428, Baden-Württemberg, 8, 0.0034, 17.4
2020-09-20, 2.1484, Baden-Württemberg, 8, 0.0039, 17.3
2020-09-21, 1.9326, Baden-Württemberg, 8, 0.0035, 17.3
2020-09-22, 3.7754, Baden-Württemberg, 8, 0.0069, 17.2
2020-09-23, 0.9439, Baden-Württemberg, 8, 0.0017, 16
2020-09-24, 0.3416, Baden-Württemberg, 8, 0.0006, 15.8
2020-09-25, -1.5821, Baden-Württemberg, 8, -0.003, 15.2
2020-09-26, -2.1394, Baden-Württemberg, 8, -0.0041, 15.3
2020-09-27, -3.3709, Baden-Württemberg, 8, -0.0064, 16
2020-09-28, -1.0787, Baden-Württemberg, 8, -0.0021, 16.2
2020-09-29, -0.4764, Baden-Württemberg, 8, -0.0009, 16.4
2020-09-30, 0.4944, Baden-Württemberg, 8, 0.0009, 16.5
2020-10-01, 0.6832, Baden-Württemberg, 8, 0.0012, 16.5
2020-10-02, 2.5079, Baden-Württemberg, 8, 0.0046, 17.2
2020-10-03, 0.6652, Baden-Württemberg, 8, 0.0012, 18.2
2020-10-04, 4.7372, Baden-Württemberg, 8, 0.0087, 18.2
2020-10-05, 2.1933, Baden-Württemberg, 8, 0.004, 18.3
2020-10-06, 1.636, Baden-Württemberg, 8, 0.003, 19.1
2020-10-07, 3.0563, Baden-Württemberg, 8, 0.0056, 22.4
2020-10-08, 6.4272, Baden-Württemberg, 8, 0.0118, 24.8
2020-10-09, 7.4789, Baden-Württemberg, 8, 0.0137, 26.7
2020-10-10, 10.2475, Baden-Württemberg, 8, 0.0187, 29.3
2020-10-11, 10.2206, Baden-Württemberg, 8, 0.0187, 32.6
2020-10-12, 12.7734, Baden-Württemberg, 8, 0.0234, 33.9
2020-10-13, 15.1555, Baden-Württemberg, 8, 0.0277, 36.2
2020-10-14, 14.7331, Baden-Württemberg, 8, 0.0269, 38.1
2020-10-15, 13.9061, Baden-Württemberg, 8, 0.0254, 41.2
2020-10-16, 15.5331, Baden-Württemberg, 8, 0.0284, 45.6
2020-10-17, 18.5354, Baden-Württemberg, 8, 0.0339, 48.7
2020-10-18, 16.8185, Baden-Württemberg, 8, 0.0308, 50.1
2020-10-19, 17.5736, Baden-Württemberg, 8, 0.0321, 52.2
2020-10-20, 15.9376, Baden-Württemberg, 8, 0.0291, 54.2
2020-10-21, 16.396, Baden-Württemberg, 8, 0.03, 59
2020-10-22, 18.877, Baden-Württemberg, 8, 0.0345, 66
2020-10-23, 23.1648, Baden-Württemberg, 8, 0.0424, 74.2
2020-10-24, 25.2862, Baden-Württemberg, 8, 0.0462, 82.1
2020-10-25, 32.4685, Baden-Württemberg, 8, 0.0594, 86.8
2020-10-26, 34.1584, Baden-Württemberg, 8, 0.0625, 90.3
2020-10-27, 36.927, Baden-Württemberg, 8, 0.0675, 99.6
2020-10-28, 42.2036, Baden-Württemberg, 8, 0.0772, 106.3
2020-10-29, 42.3384, Baden-Württemberg, 8, 0.0774, 114.7
2020-10-30, 37.7271, Baden-Württemberg, 8, 0.069, 118.7
2020-10-31, 38.9586, Baden-Württemberg, 8, 0.0713, 125.5
2020-11-01, 38.0507, Baden-Württemberg, 8, 0.0696, 128.2
2020-11-02, 35.7315, Baden-Württemberg, 8, 0.0653, 131.1
2020-11-03, 32.1718, Baden-Württemberg, 8, 0.0588, 132
2020-11-04, 26.6525, Baden-Württemberg, 8, 0.0487, 138.1
2020-11-05, 25.5109, Baden-Württemberg, 8, 0.0467, 138.6
2020-11-06, 23.2906, Baden-Württemberg, 8, 0.0426, 143.6
2020-11-07, 21.4569, Baden-Württemberg, 8, 0.0392, 144.6
2020-11-08, 21.6996, Baden-Württemberg, 8, 0.0397, 151.5
2020-11-09, 22.6974, Baden-Württemberg, 8, 0.0415, 150.6
2020-11-10, 18.9489, Baden-Württemberg, 8, 0.0347, 148.5
2020-11-11, 14.76, Baden-Württemberg, 8, 0.027, 145.2
2020-11-12, 12.9532, Baden-Württemberg, 8, 0.0237, 148.2
2020-11-13, 11.8476, Baden-Württemberg, 8, 0.0217, 148.7
2020-11-14, 6.7508, Baden-Württemberg, 8, 0.0123, 147.9
2020-11-15, -2.7417, Baden-Württemberg, 8, -0.0052, 144.4
2020-11-16, -5.2856, Baden-Württemberg, 8, -0.0101, 144.1
2020-11-17, -2.6068, Baden-Württemberg, 8, -0.005, 143
2020-11-18, -0.9618, Baden-Württemberg, 8, -0.0018, 145.1
2020-11-19, -2.3461, Baden-Württemberg, 8, -0.0045, 147
2020-11-20, -0.7191, Baden-Württemberg, 8, -0.0014, 147.3
2020-11-21, -0.4854, Baden-Württemberg, 8, -0.0009, 148.1
2020-11-22, 2.7686, Baden-Württemberg, 8, 0.0051, 149.2
2020-11-23, 5.5822, Baden-Württemberg, 8, 0.0102, 148.5
2020-11-24, -6.3103, Baden-Württemberg, 8, -0.0121, 145.8
2020-11-25, -0.018, Baden-Württemberg, 8, , 142
2020-11-26, -3.4158, Baden-Württemberg, 8, -0.0065, 138.5
2020-11-27, -4.3597, Baden-Württemberg, 8, -0.0083, 138.4
2020-11-28, -5.9597, Baden-Württemberg, 8, -0.0114, 137.1
2020-11-29, -5.717, Baden-Württemberg, 8, -0.0109, 135.8
2020-11-30, -6.7238, Baden-Württemberg, 8, -0.0129, 136.9
2020-12-01, 7.1463, Baden-Württemberg, 8, 0.0131, 138.2
2020-12-02, 0.2517, Baden-Württemberg, 8, 0.0005, 140.6
2020-12-03, 5.2676, Baden-Württemberg, 8, 0.0096, 144.7
2020-12-04, 4.4765, Baden-Württemberg, 8, 0.0082, 146.2
2020-12-05, 11.2273, Baden-Württemberg, 8, 0.0205, 150.2
2020-12-06, 14.751, Baden-Württemberg, 8, 0.027, 154.5
2020-12-07, 17.3039, Baden-Württemberg, 8, 0.0316, 156.9
2020-12-08, 18.104, Baden-Württemberg, 8, 0.0331, 160.5
2020-12-09, 21.4838, Baden-Württemberg, 8, 0.0393, 166.5
2020-12-10, 26.2301, Baden-Württemberg, 8, 0.048, 174.7
2020-12-11, 35.1023, Baden-Württemberg, 8, 0.0642, 180.9
2020-12-12, 35.2191, Baden-Württemberg, 8, 0.0644, 186
2020-12-13, 36.127, Baden-Württemberg, 8, 0.0661, 190
2020-12-14, 37.2237, Baden-Württemberg, 8, 0.0681, 194.5
2020-12-15, 38.3563, Baden-Württemberg, 8, 0.0701, 198.6
2020-12-16, 38.1765, Baden-Württemberg, 8, 0.0698, 202.8
2020-12-17, -0.5573, Baden-Württemberg, 8, -0.0011, 201.9
2020-12-18, 24.7648, Baden-Württemberg, 8, 0.0453, 206.9
2020-12-19, 24.0997, Baden-Württemberg, 8, 0.0441, 211.4
2020-12-20, 23.5963, Baden-Württemberg, 8, 0.0432, 214.8
2020-12-21, 20.3782, Baden-Württemberg, 8, 0.0373, 215
2020-12-22, 17.1781, Baden-Württemberg, 8, 0.0314, 215.6
2020-12-23, 10.4093, Baden-Württemberg, 8, 0.019, 213.8
2020-12-24, 44.6846, Baden-Württemberg, 8, 0.0817, 217.3
2020-12-25, 1.663, Baden-Württemberg, 8, 0.003, 206.3
2020-12-26, -23.7401, Baden-Württemberg, 8, -0.0454, 183.9
2020-12-27, -43.8486, Baden-Württemberg, 8, -0.0838, 167.1
2020-12-28, -54.9141, Baden-Württemberg, 8, -0.105, 158.1
2020-12-29, -60.6581, Baden-Württemberg, 8, -0.1159, 154.5
2020-12-30, -60.5862, Baden-Württemberg, 8, -0.1158, 150.7
2020-12-31, -71.7506, Baden-Württemberg, 8, -0.1371, 144.7
2021-01-01, -65.8178, Baden-Württemberg, 8, -0.1258, 140.4
2021-01-02, -44.37, Baden-Württemberg, 8, -0.0848, 137.2
2021-01-03, -31.5246, Baden-Württemberg, 8, -0.0603, 133.4
2021-01-04, -23.785, Baden-Württemberg, 8, -0.0455, 134.5
2021-01-05, -22.3198, Baden-Württemberg, 8, -0.0427, 130.4
2021-01-06, -17.3129, Baden-Württemberg, 8, -0.0331, 132.2
2021-01-07, -31.3269, Baden-Württemberg, 8, -0.0599, 120.9
2021-01-08, -17.6275, Baden-Württemberg, 8, -0.0337, 118.8
2021-01-09, -6.2204, Baden-Württemberg, 8, -0.0119, 132.4
2021-01-10, 10.3015, Baden-Württemberg, 8, 0.0188, 143
2021-01-11, 13.5285, Baden-Württemberg, 8, 0.0247, 144
2021-01-12, 13.8881, Baden-Württemberg, 8, 0.0254, 142.6
2021-01-13, 5.6451, Baden-Württemberg, 8, 0.0103, 136.6
2021-01-14, 32.0999, Baden-Württemberg, 8, 0.0587, 140.6
2021-01-15, 19.3355, Baden-Württemberg, 8, 0.0354, 137.4
2021-01-16, -1.4832, Baden-Württemberg, 8, -0.0028, 130.2
2021-01-17, -27.8121, Baden-Württemberg, 8, -0.0532, 125.2
2021-01-18, -23.7491, Baden-Württemberg, 8, -0.0454, 121.2
2021-01-19, -26.0862, Baden-Württemberg, 8, -0.0499, 117
2021-01-20, -24.8098, Baden-Württemberg, 8, -0.0474, 111.4
2021-01-21, -34.3741, Baden-Württemberg, 8, -0.0657, 103.7
2021-01-22, -34.7966, Baden-Württemberg, 8, -0.0665, 101.6
2021-01-23, -31.4976, Baden-Württemberg, 8, -0.0602, 96.5
2021-01-24, -20.6568, Baden-Württemberg, 8, -0.0395, 93.9
2021-01-25, -28.5133, Baden-Württemberg, 8, -0.0545, 91.9
2021-01-26, -25.3761, Baden-Württemberg, 8, -0.0485, 89.4
2021-01-27, -22.958, Baden-Württemberg, 8, -0.0439, 86.2
2021-01-28, -19.8568, Baden-Württemberg, 8, -0.038, 82.4
2021-01-29, -20.4321, Baden-Württemberg, 8, -0.0391, 78.9
2021-01-30, -16.8455, Baden-Württemberg, 8, -0.0322, 78
2021-01-31, -16.0455, Baden-Württemberg, 8, -0.0307, 77.1
2021-02-01, -15.7129, Baden-Württemberg, 8, -0.03, 76.8
2021-02-02, -12.3689, Baden-Württemberg, 8, -0.0236, 76.4
2021-02-03, -11.1464, Baden-Württemberg, 8, -0.0213, 73.3
2021-02-04, -11.7667, Baden-Württemberg, 8, -0.0225, 70.3
2021-02-05, -11.8386, Baden-Württemberg, 8, -0.0226, 67.2
2021-02-06, -12.7285, Baden-Württemberg, 8, -0.0243, 64.2
2021-02-07, -13.3218, Baden-Württemberg, 8, -0.0255, 62.8
2021-02-08, -13.4476, Baden-Württemberg, 8, -0.0257, 61.9
2021-02-09, -14.9668, Baden-Württemberg, 8, -0.0286, 61.2
2021-02-10, -13.0161, Baden-Württemberg, 8, -0.0249, 60
2021-02-11, -11.0026, Baden-Württemberg, 8, -0.021, 57.6
2021-02-12, -10.4902, Baden-Württemberg, 8, -0.0201, 55.3
2021-02-13, -10.8318, Baden-Württemberg, 8, -0.0207, 54.4
2021-02-14, -12.2701, Baden-Württemberg, 8, -0.0235, 50.1
2021-02-15, -12.4319, Baden-Württemberg, 8, -0.0238, 49.5
2021-02-16, -12.8364, Baden-Württemberg, 8, -0.0245, 48.6
2021-02-17, -14.0049, Baden-Württemberg, 8, -0.0268, 46.3
2021-02-18, -14.6342, Baden-Württemberg, 8, -0.028, 43.8
2021-02-19, -12.2431, Baden-Württemberg, 8, -0.0234, 43.9
2021-02-20, -9.1059, Baden-Württemberg, 8, -0.0174, 43.5
2021-02-21, -4.2249, Baden-Württemberg, 8, -0.0081, 46.2
2021-02-22, -4.2518, Baden-Württemberg, 8, -0.0081, 45.8
2021-02-23, -1.8697, Baden-Württemberg, 8, -0.0036, 46.6
2021-02-24, 1.9506, Baden-Württemberg, 8, 0.0036, 48.6
2021-02-25, 6.1036, Baden-Württemberg, 8, 0.0112, 50.7
2021-02-26, 7.6856, Baden-Württemberg, 8, 0.0141, 51.4
2021-02-27, 7.362, Baden-Württemberg, 8, 0.0135, 51.9
2021-02-28, 5.6901, Baden-Württemberg, 8, 0.0104, 52.4
2021-03-01, 7.8654, Baden-Württemberg, 8, 0.0144, 53.6
2021-03-02, 7.0564, Baden-Württemberg, 8, 0.0129, 53.9
2021-03-03, 6.4631, Baden-Württemberg, 8, 0.0118, 56
2021-03-04, 6.7957, Baden-Württemberg, 8, 0.0124, 57.7
2021-03-05, 7.407, Baden-Württemberg, 8, 0.0135, 58.5
2021-03-06, 8.0092, Baden-Württemberg, 8, 0.0146, 60.7
2021-03-07, 9.6902, Baden-Württemberg, 8, 0.0177, 62.3
2021-03-08, 8.5036, Baden-Württemberg, 8, 0.0156, 61.8
2021-03-09, 8.3958, Baden-Württemberg, 8, 0.0154, 63.1
2021-03-10, 8.6565, Baden-Württemberg, 8, 0.0158, 64.6
2021-03-11, 8.5666, Baden-Württemberg, 8, 0.0157, 67.3
2021-03-12, 10.2655, Baden-Württemberg, 8, 0.0188, 70.8
2021-03-13, 12.1442, Baden-Württemberg, 8, 0.0222, 74.4
2021-03-14, 13.9061, Baden-Württemberg, 8, 0.0254, 76.8
2021-03-15, 15.8297, Baden-Württemberg, 8, 0.029, 78.5
2021-03-16, 14.7331, Baden-Württemberg, 8, 0.0269, 79.6
2021-03-17, 19.1467, Baden-Württemberg, 8, 0.035, 85.6
2021-03-18, 21.6816, Baden-Württemberg, 8, 0.0397, 91.1
2021-03-19, 22.4547, Baden-Württemberg, 8, 0.0411, 94.9
2021-03-20, 22.6344, Baden-Württemberg, 8, 0.0414, 98
2021-03-21, 26.0862, Baden-Württemberg, 8, 0.0477, 104.5
2021-03-22, 26.6615, Baden-Württemberg, 8, 0.0488, 105.7
2021-03-23, 27.8301, Baden-Württemberg, 8, 0.0509, 107.2
2021-03-24, 21.9872, Baden-Württemberg, 8, 0.0402, 110.4
2021-03-25, 23.7401, Baden-Württemberg, 8, 0.0434, 116.2
2021-03-26, 26.1492, Baden-Württemberg, 8, 0.0478, 122
2021-03-27, 28.9537, Baden-Württemberg, 8, 0.053, 127.6
2021-03-28, 21.6367, Baden-Württemberg, 8, 0.0396, 128.1
2021-03-29, 24.3154, Baden-Württemberg, 8, 0.0445, 131.7
2021-03-30, 24.0098, Baden-Württemberg, 8, 0.0439, 134.7
2021-03-31, 23.7581, Baden-Württemberg, 8, 0.0435, 135.9
2021-04-01, 21.2411, Baden-Württemberg, 8, 0.0388, 137.7
2021-04-02, 15.6859, Baden-Württemberg, 8, 0.0287, 138.9
2021-04-03, 9.9149, Baden-Württemberg, 8, 0.0181, 134.6
2021-04-04, 0.1978, Baden-Württemberg, 8, 0.0004, 125.3
2021-04-05, -6.3912, Baden-Württemberg, 8, -0.0122, 124
2021-04-06, -10.3104, Baden-Württemberg, 8, -0.0197, 119.1
2021-04-07, -25.0345, Baden-Württemberg, 8, -0.0479, 107.5
2021-04-08, -28.6481, Baden-Württemberg, 8, -0.0548, 110.5
2021-04-09, -21.6097, Baden-Württemberg, 8, -0.0413, 117.2
2021-04-10, -10.8947, Baden-Württemberg, 8, -0.0208, 126.7
2021-04-11, 12.333, Baden-Württemberg, 8, 0.0226, 141.3
2021-04-12, 18.4905, Baden-Württemberg, 8, 0.0338, 142.4
2021-04-13, 26.8863, Baden-Württemberg, 8, 0.0492, 150.4
2021-04-14, 60.0828, Baden-Württemberg, 8, 0.1099, 171
2021-04-15, 64.011, Baden-Württemberg, 8, 0.1171, 173.3
2021-04-16, 55.5703, Baden-Württemberg, 8, 0.1016, 174.5
2021-04-17, 48.0285, Baden-Württemberg, 8, 0.0878, 175.2
2021-04-18, 36.3427, Baden-Württemberg, 8, 0.0665, 174.6
2021-04-19, 33.7719, Baden-Württemberg, 8, 0.0618, 175.1
2021-04-20, 26.8054, Baden-Württemberg, 8, 0.049, 176.1
2021-04-21, 11.7127, Baden-Württemberg, 8, 0.0214, 183.8
2021-04-22, 17.6635, Baden-Württemberg, 8, 0.0323, 190.9
2021-04-23, 19.4164, Baden-Württemberg, 8, 0.0355, 192.9
2021-04-24, 19.5871, Baden-Württemberg, 8, 0.0358, 196.1
2021-04-25, 19.9827, Baden-Württemberg, 8, 0.0365, 198.5
2021-04-26, 22.8412, Baden-Württemberg, 8, 0.0418, 199.8
2021-04-27, 26.7514, Baden-Württemberg, 8, 0.0489, 203.8
2021-04-28, 19.3265, Baden-Württemberg, 8, 0.0353, 201.3
2021-04-29, -6.9935, Baden-Württemberg, 8, -0.0134, 198.9
2021-04-30, 1.8517, Baden-Württemberg, 8, 0.0034, 195.6
2021-05-01, -3.9192, Baden-Württemberg, 8, -0.0075, 192.8
2021-05-02, -7.0294, Baden-Württemberg, 8, -0.0134, 188.7
2021-05-03, -11.6948, Baden-Württemberg, 8, -0.0224, 186.2
2021-05-04, -24.1716, Baden-Württemberg, 8, -0.0462, 180.1
2021-05-05, -30.4639, Baden-Württemberg, 8, -0.0582, 174
2021-05-06, -16.6118, Baden-Württemberg, 8, -0.0318, 166.3
2021-05-07, -30.9673, Baden-Württemberg, 8, -0.0592, 161.6
2021-05-08, -35.1112, Baden-Württemberg, 8, -0.0671, 154.5
2021-05-09, -37.9518, Baden-Württemberg, 8, -0.0725, 149.5
2021-05-10, -39.2912, Baden-Württemberg, 8, -0.0751, 147.4
2021-05-11, -32.4954, Baden-Württemberg, 8, -0.0621, 146.1
2021-05-12, -29.5201, Baden-Württemberg, 8, -0.0564, 138.7
2021-05-13, -31.4887, Baden-Württemberg, 8, -0.0602, 134.2
2021-05-14, -36.118, Baden-Württemberg, 8, -0.069, 122.3
2021-05-15, -41.6733, Baden-Württemberg, 8, -0.0797, 110.7
2021-05-16, -43.0126, Baden-Württemberg, 8, -0.0822, 104.9
2021-05-17, -44.1452, Baden-Württemberg, 8, -0.0844, 102.9
2021-05-18, -45.4217, Baden-Württemberg, 8, -0.0868, 99.5
2021-05-19, -44.0104, Baden-Württemberg, 8, -0.0841, 93.5
2021-05-20, -45.8801, Baden-Württemberg, 8, -0.0877, 85.6
2021-05-21, -38.8417, Baden-Württemberg, 8, -0.0742, 83.2
2021-05-22, -26.5447, Baden-Württemberg, 8, -0.0507, 84
2021-05-23, -21.8973, Baden-Württemberg, 8, -0.0419, 82
2021-05-24, -20.7288, Baden-Württemberg, 8, -0.0396, 80.6
2021-05-25, -20.4681, Baden-Württemberg, 8, -0.0391, 75
2021-05-26, -28.3605, Baden-Württemberg, 8, -0.0542, 61.5
2021-05-27, -30.3021, Baden-Württemberg, 8, -0.0579, 54.9
2021-05-28, -29.8616, Baden-Württemberg, 8, -0.0571, 52.5
2021-05-29, -33.9876, Baden-Württemberg, 8, -0.065, 49
2021-05-30, -36.5675, Baden-Württemberg, 8, -0.0699, 45.2
2021-05-31, -37.1877, Baden-Württemberg, 8, -0.0711, 44.1
2021-06-01, -31.6235, Baden-Württemberg, 8, -0.0604, 44.8
2021-06-02, -14.2836, Baden-Württemberg, 8, -0.0273, 47.1
2021-06-03, -9.4475, Baden-Württemberg, 8, -0.0181, 43.3
2021-06-04, -13.2319, Baden-Württemberg, 8, -0.0253, 37.6
2021-06-05, -14.9848, Baden-Württemberg, 8, -0.0286, 32.4
2021-06-06, -14.1937, Baden-Württemberg, 8, -0.0271, 30.3
2021-06-07, -13.5735, Baden-Württemberg, 8, -0.0259, 30.4
2021-06-08, -14.751, Baden-Württemberg, 8, -0.0282, 30
2021-06-09, -18.0141, Baden-Württemberg, 8, -0.0344, 29.2
2021-06-10, -16.0544, Baden-Württemberg, 8, -0.0307, 27.4
2021-06-11, -11.7037, Baden-Württemberg, 8, -0.0224, 26.4
2021-06-12, -5.3665, Baden-Württemberg, 8, -0.0103, 27
2021-06-13, -4.09, Baden-Württemberg, 8, -0.0078, 26
2021-06-14, -5.5013, Baden-Württemberg, 8, -0.0105, 24.3
2021-06-15, -5.9418, Baden-Württemberg, 8, -0.0114, 22.9
2021-06-16, -8.1531, Baden-Württemberg, 8, -0.0156, 19.6
2021-06-17, -9.1149, Baden-Württemberg, 8, -0.0174, 17.4
2021-06-18, -9.6542, Baden-Württemberg, 8, -0.0185, 16.2
2021-06-19, -12.0543, Baden-Württemberg, 8, -0.023, 14.6
2021-06-20, -12.6836, Baden-Württemberg, 8, -0.0242, 13.3
2021-06-21, -11.2453, Baden-Württemberg, 8, -0.0215, 12.9
2021-06-22, -10.2026, Baden-Württemberg, 8, -0.0195, 12.4
2021-06-23, -8.3508, Baden-Württemberg, 8, -0.016, 11
2021-06-24, -7.6856, Baden-Württemberg, 8, -0.0147, 9.8
2021-06-25, -7.4429, Baden-Württemberg, 8, -0.0142, 9
2021-06-26, -6.0317, Baden-Württemberg, 8, -0.0115, 8.7
2021-06-27, -5.3665, Baden-Württemberg, 8, -0.0103, 7.8
2021-06-28, -5.3215, Baden-Württemberg, 8, -0.0102, 7.7
2021-06-29, -5.0878, Baden-Württemberg, 8, -0.0097, 7.5
2021-06-30, -3.8563, Baden-Württemberg, 8, -0.0074, 7.2
2021-07-01, -2.7776, Baden-Württemberg, 8, -0.0053, 6.8
2021-07-02, -2.3192, Baden-Württemberg, 8, -0.0044, 6.3
2021-07-03, -2.7417, Baden-Württemberg, 8, -0.0052, 5.7
2021-07-04, -1.7888, Baden-Württemberg, 8, -0.0034, 5.8
2021-07-05, -1.7079, Baden-Württemberg, 8, -0.0033, 5.7
2021-07-06, -1.636, Baden-Württemberg, 8, -0.0031, 5.5
2021-07-07, -1.4472, Baden-Württemberg, 8, -0.0028, 5.7
2021-07-08, -1.1326, Baden-Württemberg, 8, -0.0022, 5.7
2021-07-09, -0.1528, Baden-Württemberg, 8, -0.0003, 6.1
2021-07-10, 0.7461, Baden-Württemberg, 8, 0.0014, 6.4
2021-07-11, 0.7461, Baden-Württemberg, 8, 0.0014, 6.6
2021-07-12, 0.9528, Baden-Württemberg, 8, 0.0017, 6.7
2021-07-13, 1.4203, Baden-Württemberg, 8, 0.0026, 7.3
2021-07-14, 2.0405, Baden-Württemberg, 8, 0.0037, 8
2021-07-15, 2.9125, Baden-Württemberg, 8, 0.0053, 8.6
2021-07-16, 2.5169, Baden-Württemberg, 8, 0.0046, 8.8
2021-07-17, 2.9125, Baden-Württemberg, 8, 0.0053, 9.4
2021-07-18, 3.4069, Baden-Württemberg, 8, 0.0062, 10
2021-07-19, 3.4248, Baden-Württemberg, 8, 0.0063, 10.2
2021-07-20, 2.9664, Baden-Württemberg, 8, 0.0054, 10.2
2021-07-21, 2.49, Baden-Württemberg, 8, 0.0046, 10.6
2021-07-22, 2.3012, Baden-Württemberg, 8, 0.0042, 11.4
2021-07-23, 3.2271, Baden-Württemberg, 8, 0.0059, 12.3
2021-07-24, 2.9484, Baden-Württemberg, 8, 0.0054, 12.6
2021-07-25, 2.463, Baden-Württemberg, 8, 0.0045, 12.9
2021-07-26, 2.49, Baden-Württemberg, 8, 0.0046, 13.1
2021-07-27, 2.7147, Baden-Württemberg, 8, 0.005, 13.4
2021-07-28, 2.9125, Baden-Württemberg, 8, 0.0053, 14.1
2021-07-29, 3.1192, Baden-Württemberg, 8, 0.0057, 14.6
2021-07-30, 2.1664, Baden-Württemberg, 8, 0.004, 14.6
2021-07-31, 2.3102, Baden-Württemberg, 8, 0.0042, 15.2
2021-08-01, 2.6967, Baden-Württemberg, 8, 0.0049, 15.5
2021-08-02, 2.5709, Baden-Württemberg, 8, 0.0047, 15.6
2021-08-03, 2.2113, Baden-Württemberg, 8, 0.004, 15.7
2021-08-04, 1.5012, Baden-Württemberg, 8, 0.0027, 15.6
2021-08-05, 1.3304, Baden-Württemberg, 8, 0.0024, 16.1
2021-08-06, 2.0135, Baden-Württemberg, 8, 0.0037, 16.7
2021-08-07, 1.654, Baden-Württemberg, 8, 0.003, 17.3
2021-08-08, 2.1034, Baden-Württemberg, 8, 0.0038, 17.8
2021-08-09, 2.2742, Baden-Württemberg, 8, 0.0042, 17.9
2021-08-10, 2.7956, Baden-Württemberg, 8, 0.0051, 18.7
2021-08-11, 5.1148, Baden-Württemberg, 8, 0.0094, 21.2
2021-08-12, 6.535, Baden-Württemberg, 8, 0.012, 23.1
2021-08-13, 8.0812, Baden-Württemberg, 8, 0.0148, 25.1
2021-08-14, 9.7172, Baden-Württemberg, 8, 0.0178, 27.8
2021-08-15, 12.351, Baden-Württemberg, 8, 0.0226, 30.3
2021-08-16, 12.7555, Baden-Württemberg, 8, 0.0233, 31
2021-08-17, 12.3689, Baden-Württemberg, 8, 0.0226, 32.1
2021-08-18, 14.2746, Baden-Württemberg, 8, 0.0261, 36.3
2021-08-19, 15.3084, Baden-Württemberg, 8, 0.028, 39.7
2021-08-20, 16.5938, Baden-Württemberg, 8, 0.0303, 43
2021-08-21, 16.5938, Baden-Württemberg, 8, 0.0303, 46.1
2021-08-22, 17.241, Baden-Württemberg, 8, 0.0315, 49.3
2021-08-23, 18.1309, Baden-Württemberg, 8, 0.0332, 50.1
2021-08-24, 18.1669, Baden-Württemberg, 8, 0.0332, 52.9
2021-08-25, 19.1197, Baden-Württemberg, 8, 0.035, 59.2
2021-08-26, 24.8637, Baden-Württemberg, 8, 0.0455, 67.5
2021-08-27, 27.6144, Baden-Württemberg, 8, 0.0505, 73.9
2021-08-28, 29.4841, Baden-Württemberg, 8, 0.0539, 77.6
2021-08-29, 29.5021, Baden-Württemberg, 8, 0.054, 80.6
2021-08-30, 30.2212, Baden-Württemberg, 8, 0.0553, 82
2021-08-31, 29.9246, Baden-Württemberg, 8, 0.0547, 83.5
2021-09-01, 25.6278, Baden-Württemberg, 8, 0.0469, 86.7
2021-09-02, 20.0815, Baden-Württemberg, 8, 0.0367, 88.6
2021-09-03, 15.6499, Baden-Württemberg, 8, 0.0286, 90.1
2021-09-04, 15.5511, Baden-Württemberg, 8, 0.0284, 93
2021-09-05, 14.6701, Baden-Württemberg, 8, 0.0268, 96
2021-09-06, 14.7061, Baden-Württemberg, 8, 0.0269, 97.4
2021-09-07, 13.2499, Baden-Württemberg, 8, 0.0242, 96.4
2021-09-08, 12.6386, Baden-Württemberg, 8, 0.0231, 97.8
2021-09-09, 10.9127, Baden-Württemberg, 8, 0.02, 97.9
2021-09-10, 9.6093, Baden-Württemberg, 8, 0.0176, 98.1
2021-09-11, 6.1126, Baden-Württemberg, 8, 0.0112, 98.7
2021-09-12, -11.7667, Baden-Württemberg, 8, -0.0225, 96.4
2021-09-13, -1.3933, Baden-Württemberg, 8, -0.0027, 95.2
2021-09-14, -0.1708, Baden-Württemberg, 8, -0.0003, 97.5
2021-09-15, 0.3686, Baden-Württemberg, 8, 0.0007, 98.8
2021-09-16, 0.2517, Baden-Württemberg, 8, 0.0005, 100.4
2021-09-17, 1.0158, Baden-Württemberg, 8, 0.0019, 99.5
2021-09-18, -0.9978, Baden-Württemberg, 8, -0.0019, 97.5
2021-09-19, 14.9668, Baden-Württemberg, 8, 0.0274, 96.8
2021-09-20, 1.4203, Baden-Württemberg, 8, 0.0026, 96
2021-09-21, -2.1574, Baden-Württemberg, 8, -0.0041, 94
2021-09-22, -7.4969, Baden-Württemberg, 8, -0.0143, 90.5
2021-09-23, -12.1892, Baden-Württemberg, 8, -0.0233, 86.3
2021-09-24, -13.3757, Baden-Württemberg, 8, -0.0256, 86
2021-09-25, -12.4948, Baden-Württemberg, 8, -0.0239, 84.2
2021-09-26, -13.8072, Baden-Württemberg, 8, -0.0264, 83.3
2021-09-27, -12.315, Baden-Württemberg, 8, -0.0235, 83.6
2021-09-28, -9.7981, Baden-Württemberg, 8, -0.0187, 85.1
2021-09-29, -3.5597, Baden-Württemberg, 8, -0.0068, 87.3
2021-09-30, 2.1754, Baden-Württemberg, 8, 0.004, 88.3
2021-10-01, 1.5012, Baden-Württemberg, 8, 0.0027, 86.7
2021-10-02, 2.5709, Baden-Württemberg, 8, 0.0047, 87.2
2021-10-03, 2.5349, Baden-Württemberg, 8, 0.0046, 86.7
2021-10-04, 3.5597, Baden-Württemberg, 8, 0.0065, 87.1
2021-10-05, 1.3394, Baden-Württemberg, 8, 0.0024, 87.4
2021-10-06, -1.618, Baden-Württemberg, 8, -0.0031, 84.9
2021-10-07, -4.5395, Baden-Württemberg, 8, -0.0087, 84.7
2021-10-08, -2.1664, Baden-Württemberg, 8, -0.0041, 86.4
2021-10-09, 0.2427, Baden-Württemberg, 8, 0.0004, 87.7
2021-10-10, 3.1102, Baden-Württemberg, 8, 0.0057, 89.6
2021-10-11, 1.6899, Baden-Württemberg, 8, 0.0031, 89.3
2021-10-12, 0.4764, Baden-Württemberg, 8, 0.0009, 88.7
2021-10-13, 6.1665, Baden-Württemberg, 8, 0.0113, 91
2021-10-14, 7.362, Baden-Württemberg, 8, 0.0135, 92.2
2021-10-15, 8.2879, Baden-Württemberg, 8, 0.0152, 95.2
2021-10-16, 10.3913, Baden-Württemberg, 8, 0.019, 97.5
2021-10-17, 10.2925, Baden-Württemberg, 8, 0.0188, 99.8
2021-10-18, 11.9914, Baden-Württemberg, 8, 0.0219, 100.8
2021-10-19, 15.8297, Baden-Württemberg, 8, 0.029, 102.7
2021-10-20, 18.2927, Baden-Württemberg, 8, 0.0335, 112.1
2021-10-21, 9.9509, Baden-Württemberg, 8, 0.0182, 121.7
2021-10-22, 34.2213, Baden-Württemberg, 8, 0.0626, 129.1
2021-10-23, 34.7697, Baden-Württemberg, 8, 0.0636, 136.6
2021-10-24, 39.7046, Baden-Württemberg, 8, 0.0726, 143.8
2021-10-25, 44.1632, Baden-Württemberg, 8, 0.0808, 146
2021-10-26, 46.3206, Baden-Württemberg, 8, 0.0847, 151.7
2021-10-27, 45.0891, Baden-Württemberg, 8, 0.0825, 162
2021-10-28, 65.4763, Baden-Württemberg, 8, 0.1197, 172.7
2021-10-29, 48.1454, Baden-Württemberg, 8, 0.0881, 182.5
2021-10-30, 53.1343, Baden-Württemberg, 8, 0.0972, 193.2
2021-10-31, 51.696, Baden-Württemberg, 8, 0.0945, 200.1
2021-11-01, 53.1433, Baden-Württemberg, 8, 0.0972, 202.5
2021-11-02, 46.1588, Baden-Württemberg, 8, 0.0844, 195.6
2021-11-03, 17.3938, Baden-Württemberg, 8, 0.0318, 177.1
2021-11-04, 12.0184, Baden-Württemberg, 8, 0.022, 191.4
2021-11-05, 22.0322, Baden-Württemberg, 8, 0.0403, 211.3
2021-11-06, 30.0144, Baden-Württemberg, 8, 0.0549, 228
2021-11-07, 36.954, Baden-Württemberg, 8, 0.0676, 237.3
2021-11-08, 39.426, Baden-Württemberg, 8, 0.0721, 243
2021-11-09, 67.4449, Baden-Württemberg, 8, 0.1233, 272.7
2021-11-10, 130.8986, Baden-Württemberg, 8, 0.2394, 322.6
2021-11-11, 142.4675, Baden-Württemberg, 8, 0.2606, 345.7
2021-11-12, 138.8989, Baden-Württemberg, 8, 0.254, 361
2021-11-13, 141.1012, Baden-Württemberg, 8, 0.2581, 378.2
2021-11-14, 145.2361, Baden-Württemberg, 8, 0.2656, 389.8
2021-11-15, 150.5397, Baden-Württemberg, 8, 0.2753, 398.1
2021-11-16, 119.9319, Baden-Württemberg, 8, 0.2193, 403.6
2021-11-17, 85.7466, Baden-Württemberg, 8, 0.1568, 412.7
2021-11-18, 81.5127, Baden-Württemberg, 8, 0.1491, 425.7
2021-11-19, 81.5936, Baden-Württemberg, 8, 0.1492, 444.2
2021-11-20, 68.5685, Baden-Württemberg, 8, 0.1254, 455.2
2021-11-21, 67.5527, Baden-Württemberg, 8, 0.1235, 467.1
2021-11-22, 68.0561, Baden-Württemberg, 8, 0.1245, 474.8
2021-11-23, 82.2588, Baden-Württemberg, 8, 0.1504, 487.4
2021-11-24, 87.032, Baden-Württemberg, 8, 0.1592, 505.4
2021-11-25, 78.6183, Baden-Württemberg, 8, 0.1438, 510.6
2021-11-26, 75.7418, Baden-Württemberg, 8, 0.1385, 521.2
2021-11-27, 84.4432, Baden-Württemberg, 8, 0.1544, 534.1
2021-11-28, 76.5867, Baden-Württemberg, 8, 0.1401, 537.5
2021-11-29, 65.2695, Baden-Württemberg, 8, 0.1194, 538.2
2021-11-30, 51.9118, Baden-Württemberg, 8, 0.0949, 538.8
2021-12-01, 38.7968, Baden-Württemberg, 8, 0.071, 544
2021-12-02, 42.9227, Baden-Württemberg, 8, 0.0785, 553.6
2021-12-03, 27.5964, Baden-Württemberg, 8, 0.0505, 550.3
2021-12-04, 19.3355, Baden-Württemberg, 8, 0.0354, 553
2021-12-05, 8.6744, Baden-Württemberg, 8, 0.0159, 547
2021-12-06, 13.6184, Baden-Württemberg, 8, 0.0249, 545.3
2021-12-07, 5.2226, Baden-Württemberg, 8, 0.0096, 542.1
2021-12-08, -1.2764, Baden-Württemberg, 8, -0.0024, 538.5
2021-12-09, -14.0858, Baden-Württemberg, 8, -0.0269, 532.3
2021-12-10, -25.7986, Baden-Württemberg, 8, -0.0493, 512
2021-12-11, -57.6648, Baden-Württemberg, 8, -0.1102, 486
2021-12-12, -60.6851, Baden-Württemberg, 8, -0.116, 475.8
2021-12-13, -75.535, Baden-Württemberg, 8, -0.1444, 466.6
2021-12-14, -87.0949, Baden-Württemberg, 8, -0.1665, 447.8
2021-12-15, -104.0033, Baden-Württemberg, 8, -0.1988, 427.4
2021-12-16, -122.8174, Baden-Württemberg, 8, -0.2348, 398.5
2021-12-17, -121.3073, Baden-Württemberg, 8, -0.2319, 383.7
2021-12-18, -114.17, Baden-Württemberg, 8, -0.2182, 366.6
2021-12-19, -117.0105, Baden-Württemberg, 8, -0.2237, 355.9
2021-12-20, -111.707, Baden-Württemberg, 8, -0.2135, 351.7
2021-12-21, -100.3718, Baden-Württemberg, 8, -0.1919, 344.4
2021-12-22, -96.5334, Baden-Württemberg, 8, -0.1845, 321
2021-12-23, -91.131, Baden-Württemberg, 8, -0.1742, 302.4
2021-12-24, -95.8593, Baden-Württemberg, 8, -0.1832, 284.2
2021-12-25, -100.0302, Baden-Württemberg, 8, -0.1912, 260.6
2021-12-26, -124.2107, Baden-Württemberg, 8, -0.2374, 235.1
2021-12-27, -123.3478, Baden-Württemberg, 8, -0.2358, 228
2021-12-28, -116.2734, Baden-Württemberg, 8, -0.2222, 226.1
2021-12-29, -96.0031, Baden-Württemberg, 8, -0.1835, 226.9
2021-12-30, -75.4361, Baden-Württemberg, 8, -0.1442, 227.8
2021-12-31, -55.5703, Baden-Württemberg, 8, -0.1062, 232.8
2022-01-01, -23.1468, Baden-Württemberg, 8, -0.0442, 242.4
2022-01-02, 14.1667, Baden-Württemberg, 8, 0.0259, 245.6
2022-01-03, 16.3781, Baden-Württemberg, 8, 0.03, 250.2
2022-01-04, 26.293, Baden-Württemberg, 8, 0.0481, 258.3
2022-01-05, 41.1519, Baden-Württemberg, 8, 0.0753, 274.5
2022-01-06, 53.9703, Baden-Württemberg, 8, 0.0987, 290.6
2022-01-07, 37.8349, Baden-Württemberg, 8, 0.0692, 282
2022-01-08, 39.7136, Baden-Württemberg, 8, 0.0726, 291.9
2022-01-09, 64.4515, Baden-Württemberg, 8, 0.1179, 323.5
2022-01-10, 82.124, Baden-Württemberg, 8, 0.1502, 340.3
2022-01-11, 85.1982, Baden-Württemberg, 8, 0.1558, 363.8
2022-01-12, 105.2079, Baden-Württemberg, 8, 0.1924, 402.6
2022-01-13, 77.8452, Baden-Württemberg, 8, 0.1424, 445.8
2022-01-14, 221.8408, Baden-Württemberg, 8, 0.4057, 510.5
2022-01-15, 249.5002, Baden-Württemberg, 8, 0.4563, 551.3
2022-01-16, 238.7762, Baden-Württemberg, 8, 0.4367, 566.2
2022-01-17, 224.7173, Baden-Württemberg, 8, 0.411, 570.1
2022-01-18, 225.3106, Baden-Württemberg, 8, 0.4121, 596.8
2022-01-19, 218.1014, Baden-Württemberg, 8, 0.3989, 638
2022-01-20, 268.8985, Baden-Württemberg, 8, 0.4918, 679.3
2022-01-21, 188.1948, Baden-Württemberg, 8, 0.3442, 735.5
2022-01-22, 214.4159, Baden-Württemberg, 8, 0.3921, 818.1
2022-01-23, 256.3588, Baden-Württemberg, 8, 0.4689, 870.5
2022-01-24, 308.0009, Baden-Württemberg, 8, 0.5633, 904.9
2022-01-25, 326.9498, Baden-Württemberg, 8, 0.598, 951.4
2022-01-26, 293.4656, Baden-Württemberg, 8, 0.5367, 1012.3
2022-01-27, 351.7686, Baden-Württemberg, 8, 0.6433, 1080.6
2022-01-28, 356.2362, Baden-Württemberg, 8, 0.6515, 1151.3
2022-01-29, 346.6988, Baden-Württemberg, 8, 0.6341, 1208.2
2022-01-30, 327.0038, Baden-Württemberg, 8, 0.5981, 1244.4
2022-01-31, 299.3804, Baden-Württemberg, 8, 0.5475, 1262.8
2022-02-01, 313.4123, Baden-Württemberg, 8, 0.5732, 1315.8
2022-02-02, 344.4156, Baden-Württemberg, 8, 0.6299, 1371.1
2022-02-03, 314.7607, Baden-Württemberg, 8, 0.5757, 1440.7
2022-02-04, 339.0132, Baden-Württemberg, 8, 0.62, 1518.5
2022-02-05, 332.3523, Baden-Württemberg, 8, 0.6078, 1563.4
2022-02-06, 341.9166, Baden-Württemberg, 8, 0.6253, 1588.8
2022-02-07, 368.8748, Baden-Württemberg, 8, 0.6746, 1612.5
2022-02-08, 323.4082, Baden-Württemberg, 8, 0.5915, 1640.1
2022-02-09, 322.0238, Baden-Württemberg, 8, 0.5889, 1681.5
2022-02-10, 257.4645, Baden-Württemberg, 8, 0.4709, 1703.4
2022-02-11, 200.3121, Baden-Württemberg, 8, 0.3664, 1700.8
2022-02-12, 170.0369, Baden-Württemberg, 8, 0.311, 1731.6
2022-02-13, 145.2631, Baden-Württemberg, 8, 0.2657, 1740.5
2022-02-14, 117.1453, Baden-Württemberg, 8, 0.2142, 1761.4
2022-02-15, 131.1593, Baden-Württemberg, 8, 0.2399, 1773.3
2022-02-16, 86.8432, Baden-Württemberg, 8, 0.1588, 1778.6
2022-02-17, 100.0751, Baden-Württemberg, 8, 0.183, 1785.8
2022-02-18, 81.2431, Baden-Württemberg, 8, 0.1486, 1781.6
2022-02-19, 20.9175, Baden-Württemberg, 8, 0.0383, 1737.8
2022-02-20, 4.3237, Baden-Württemberg, 8, 0.0079, 1729.1
2022-02-21, -25.8166, Baden-Württemberg, 8, -0.0493, 1711.9
2022-02-22, -85.0185, Baden-Württemberg, 8, -0.1625, 1679.9
2022-02-23, -98.4661, Baden-Württemberg, 8, -0.1882, 1664.8
2022-02-24, -148.2385, Baden-Württemberg, 8, -0.2833, 1622.2
2022-02-25, -193.5793, Baden-Württemberg, 8, -0.37, 1590.3
2022-02-26, -161.4434, Baden-Württemberg, 8, -0.3086, 1571.6
2022-02-27, -181.3002, Baden-Württemberg, 8, -0.3465, 1541
2022-02-28, -209.3461, Baden-Württemberg, 8, -0.4001, 1526.1
2022-03-01, -159.277, Baden-Württemberg, 8, -0.3044, 1517.7
2022-03-02, -170.1987, Baden-Württemberg, 8, -0.3253, 1476.7
2022-03-03, -136.4448, Baden-Württemberg, 8, -0.2608, 1474.8
2022-03-04, -83.8319, Baden-Württemberg, 8, -0.1602, 1493
2022-03-05, -45.3678, Baden-Württemberg, 8, -0.0867, 1526.3
2022-03-06, 16.7556, Baden-Württemberg, 8, 0.0306, 1575.3
2022-03-07, 80.0475, Baden-Württemberg, 8, 0.1464, 1596.3
2022-03-08, 82.5734, Baden-Württemberg, 8, 0.151, 1647.2
2022-03-09, 196.4288, Baden-Württemberg, 8, 0.3592, 1748.6
2022-03-10, 288.5037, Baden-Württemberg, 8, 0.5276, 1842.3
2022-03-11, 332.3433, Baden-Württemberg, 8, 0.6078, 1909.9
2022-03-12, 391.3025, Baden-Württemberg, 8, 0.7157, 1980.4
2022-03-13, 382.0348, Baden-Württemberg, 8, 0.6987, 2005.6
2022-03-14, 384.3809, Baden-Württemberg, 8, 0.703, 2027.3
2022-03-15, 415.6448, Baden-Württemberg, 8, 0.7602, 2060.9
2022-03-16, 343.1841, Baden-Württemberg, 8, 0.6276, 2082.5
2022-03-17, 264.8175, Baden-Württemberg, 8, 0.4843, 2096.1
2022-03-18, 225.7691, Baden-Württemberg, 8, 0.4129, 2119.2
2022-03-19, 141.7664, Baden-Württemberg, 8, 0.2593, 2127.2
2022-03-20, 118.6016, Baden-Württemberg, 8, 0.2169, 2103.8
2022-03-21, 71.1573, Baden-Württemberg, 8, 0.1301, 2085.2
2022-03-22, 50.2668, Baden-Württemberg, 8, 0.0919, 2112.1
2022-03-23, 30.2572, Baden-Württemberg, 8, 0.0553, 2093.6
2022-03-24, 27.2278, Baden-Württemberg, 8, 0.0498, 2097.2
2022-03-25, -5.9148, Baden-Württemberg, 8, -0.0113, 2047.2
2022-03-26, -64.2897, Baden-Württemberg, 8, -0.1229, 1977.7
2022-03-27, -276.8539, Baden-Württemberg, 8, -0.5292, 1930.2
2022-03-28, -388.2013, Baden-Württemberg, 8, -0.742, 1872.6
2022-03-29, -204.9234, Baden-Württemberg, 8, -0.3917, 1844
2022-03-30, -229.8051, Baden-Württemberg, 8, -0.4393, 1805.9
2022-03-31, -299.8748, Baden-Württemberg, 8, -0.5732, 1729.4
2022-04-01, -333.7006, Baden-Württemberg, 8, -0.6378, 1662.7
2022-04-02, -344.101, Baden-Württemberg, 8, -0.6577, 1589.7
2022-04-03, -297.7624, Baden-Württemberg, 8, -0.5691, 1528.3
2022-04-04, -241.8954, Baden-Württemberg, 8, -0.4624, 1503.9
2022-04-05, -382.1426, Baden-Württemberg, 8, -0.7304, 1436.1
2022-04-06, -417.3078, Baden-Württemberg, 8, -0.7976, 1350.2
2022-04-07, -435.9871, Baden-Württemberg, 8, -0.8334, 1265.7
2022-04-08, -455.8259, Baden-Württemberg, 8, -0.8713, 1195.7
2022-04-09, -438.4051, Baden-Württemberg, 8, -0.838, 1150.8
2022-04-10, -377.8189, Baden-Württemberg, 8, -0.7222, 1139.6
2022-04-11, -353.4226, Baden-Württemberg, 8, -0.6755, 1138.2
2022-04-12, -316.954, Baden-Württemberg, 8, -0.6058, 1122.2
2022-04-13, -263.1006, Baden-Württemberg, 8, -0.5029, 1102.1
2022-04-14, -206.3977, Baden-Württemberg, 8, -0.3945, 1067.4
2022-04-15, -153.6679, Baden-Württemberg, 8, -0.2937, 1047.6
2022-04-16, -271.9548, Baden-Württemberg, 8, -0.5198, 945.2
2022-04-17, -260.0713, Baden-Württemberg, 8, -0.4971, 909.4
2022-04-18, -258.2016, Baden-Württemberg, 8, -0.4935, 898.2
2022-04-19, -523.1719, Baden-Württemberg, 8, -1, 758
2022-04-20, -364.9106, Baden-Württemberg, 8, -0.6975, 732.9
2022-04-21, -316.0192, Baden-Württemberg, 8, -0.604, 744.4
2022-04-22, -306.0952, Baden-Württemberg, 8, -0.5851, 732.6
2022-04-23, -65.6471, Baden-Württemberg, 8, -0.1255, 800.6
2022-04-24, -29.4841, Baden-Württemberg, 8, -0.0564, 805.1
2022-04-25, -18.7422, Baden-Württemberg, 8, -0.0358, 797.6
2022-04-26, 312.1718, Baden-Württemberg, 8, 0.5709, 895.1
2022-04-27, 147.2407, Baden-Württemberg, 8, 0.2693, 856
2022-04-28, 59.3188, Baden-Württemberg, 8, 0.1085, 781.6
2022-04-29, 15.2095, Baden-Württemberg, 8, 0.0278, 722.8
2022-04-30, -102.6999, Baden-Württemberg, 8, -0.1963, 681.2
2022-05-01, -108.1833, Baden-Württemberg, 8, -0.2068, 671.7
2022-05-02, -101.2078, Baden-Württemberg, 8, -0.1935, 665.3
2022-05-03, -255.6127, Baden-Württemberg, 8, -0.4886, 623.8
2022-05-04, -259.5859, Baden-Württemberg, 8, -0.4962, 578
2022-05-05, -214.2541, Baden-Württemberg, 8, -0.4095, 559.8
2022-05-06, -172.8595, Baden-Württemberg, 8, -0.3304, 548.1
2022-05-07, -144.8946, Baden-Württemberg, 8, -0.277, 533.5
2022-05-08, -136.0673, Baden-Württemberg, 8, -0.2601, 524.3
2022-05-09, -129.9368, Baden-Württemberg, 8, -0.2484, 522.2
2022-05-10, -99.2391, Baden-Württemberg, 8, -0.1897, 517.6
2022-05-11, -64.6133, Baden-Württemberg, 8, -0.1235, 514.8
2022-05-12, -58.7974, Baden-Württemberg, 8, -0.1124, 495
2022-05-13, -66.2134, Baden-Württemberg, 8, -0.1266, 474.1
2022-05-14, -58.0693, Baden-Württemberg, 8, -0.111, 464
2022-05-15, -49.1881, Baden-Württemberg, 8, -0.094, 457.3
2022-05-16, -47.2015, Baden-Württemberg, 8, -0.0902, 453.2
2022-05-17, -68.8921, Baden-Württemberg, 8, -0.1317, 438.6
2022-05-18, -90.4029, Baden-Württemberg, 8, -0.1728, 405.9
2022-05-19, -107.8057, Baden-Württemberg, 8, -0.2061, 376.8
2022-05-20, -110.3406, Baden-Württemberg, 8, -0.2109, 355.7
2022-05-21, -124.4085, Baden-Württemberg, 8, -0.2378, 333.5
2022-05-22, -117.5588, Baden-Württemberg, 8, -0.2247, 328.1
2022-05-23, -113.4688, Baden-Württemberg, 8, -0.2169, 323.4
2022-05-24, -135.5369, Baden-Württemberg, 8, -0.2591, 295.6
2022-05-25, -131.8065, Baden-Württemberg, 8, -0.2519, 269.7
2022-05-26, -128.8671, Baden-Württemberg, 8, -0.2463, 245.5
2022-05-27, -155.0072, Baden-Württemberg, 8, -0.2963, 206.7
2022-05-28, -134.0807, Baden-Württemberg, 8, -0.2563, 196.2
2022-05-29, -128.7592, Baden-Württemberg, 8, -0.2461, 192.6
2022-05-30, -124.2107, Baden-Württemberg, 8, -0.2374, 194.7
2022-05-31, -106.8888, Baden-Württemberg, 8, -0.2043, 186.9
2022-06-01, -81.0453, Baden-Württemberg, 8, -0.1549, 188.4
2022-06-02, -48.8465, Baden-Württemberg, 8, -0.0934, 195.1
2022-06-03, 31.6415, Baden-Württemberg, 8, 0.0579, 227.6
2022-06-04, 32.5494, Baden-Württemberg, 8, 0.0595, 233
2022-06-05, 36.091, Baden-Württemberg, 8, 0.066, 235
2022-06-06, 34.0415, Baden-Württemberg, 8, 0.0623, 235.5
2022-06-07, -12.9622, Baden-Württemberg, 8, -0.0248, 202.4
2022-06-08, 18.5984, Baden-Württemberg, 8, 0.034, 215.1
2022-06-09, 32.864, Baden-Württemberg, 8, 0.0601, 241.8
2022-06-10, 27.7942, Baden-Württemberg, 8, 0.0508, 261.3
2022-06-11, 41.88, Baden-Württemberg, 8, 0.0766, 278.8
2022-06-12, 39.8485, Baden-Württemberg, 8, 0.0729, 282.5
2022-06-13, 39.3361, Baden-Württemberg, 8, 0.0719, 283.6
2022-06-14, 162.9446, Baden-Württemberg, 8, 0.298, 345.3
2022-06-15, 144.1664, Baden-Württemberg, 8, 0.2637, 359.5
2022-06-16, 121.1455, Baden-Württemberg, 8, 0.2216, 361.5
2022-06-17, 32.6662, Baden-Württemberg, 8, 0.0597, 314.7
2022-06-18, 43.4621, Baden-Württemberg, 8, 0.0795, 330.6
2022-06-19, 39.8395, Baden-Württemberg, 8, 0.0729, 334.5
2022-06-20, 38.7878, Baden-Württemberg, 8, 0.0709, 335.4
2022-06-21, -4.1529, Baden-Württemberg, 8, -0.0079, 360.1
2022-06-22, 29.592, Baden-Württemberg, 8, 0.0541, 402.3
2022-06-23, 61.2065, Baden-Württemberg, 8, 0.1119, 430.6
2022-06-24, 214.6586, Baden-Württemberg, 8, 0.3926, 522.6
2022-06-25, 194.1276, Baden-Württemberg, 8, 0.355, 532.5
2022-06-26, 190.2084, Baden-Württemberg, 8, 0.3479, 535
2022-06-27, 189.3274, Baden-Württemberg, 8, 0.3463, 538.2
2022-06-28, 195.2422, Baden-Württemberg, 8, 0.3571, 555.7
2022-06-29, 158.6388, Baden-Württemberg, 8, 0.2901, 569.7
2022-06-30, 159.2051, Baden-Württemberg, 8, 0.2912, 599.2
2022-07-01, 77.5396, Baden-Württemberg, 8, 0.1418, 612.2
2022-07-02, 89.9355, Baden-Württemberg, 8, 0.1645, 628.7
2022-07-03, 87.6343, Baden-Württemberg, 8, 0.1603, 634.4
2022-07-04, 84.4611, Baden-Württemberg, 8, 0.1545, 634.4
2022-07-05, 89.8815, Baden-Württemberg, 8, 0.1644, 658.1
2022-07-06, 104.5517, Baden-Württemberg, 8, 0.1912, 684.1
2022-07-07, 100.147, Baden-Württemberg, 8, 0.1832, 713.4
2022-07-08, 117.1903, Baden-Württemberg, 8, 0.2143, 737.6
2022-07-09, 135.7617, Baden-Württemberg, 8, 0.2483, 768.4
2022-07-10, 130.4222, Baden-Württemberg, 8, 0.2385, 767.8
2022-07-11, 130.7278, Baden-Württemberg, 8, 0.2391, 768.6
2022-07-12, 130.3143, Baden-Württemberg, 8, 0.2383, 801.3
2022-07-13, 131.9503, Baden-Württemberg, 8, 0.2413, 840.5
2022-07-14, 146.962, Baden-Württemberg, 8, 0.2688, 872.1
2022-07-15, 98.8616, Baden-Württemberg, 8, 0.1808, 882.6
2022-07-16, 123.5276, Baden-Württemberg, 8, 0.2259, 911.1
2022-07-17, 124.1568, Baden-Württemberg, 8, 0.2271, 913.3
2022-07-18, 123.4467, Baden-Württemberg, 8, 0.2258, 912.9
2022-07-19, 120.0488, Baden-Württemberg, 8, 0.2196, 924.2
2022-07-20, 91.3378, Baden-Württemberg, 8, 0.167, 918.2
2022-07-21, 24.8368, Baden-Württemberg, 8, 0.0454, 890
2022-07-22, 43.8126, Baden-Württemberg, 8, 0.0801, 882.4
2022-07-23, -51.1387, Baden-Württemberg, 8, -0.0977, 850.1
2022-07-24, -53.2601, Baden-Württemberg, 8, -0.1018, 846.5
2022-07-25, -52.7298, Baden-Württemberg, 8, -0.1008, 846.2
2022-07-26, -84.9376, Baden-Württemberg, 8, -0.1624, 828.3
2022-07-27, -111.9766, Baden-Württemberg, 8, -0.214, 796
2022-07-28, -109.8552, Baden-Württemberg, 8, -0.21, 764.6
2022-07-29, -143.5642, Baden-Württemberg, 8, -0.2744, 725.8
2022-07-30, -145.9912, Baden-Württemberg, 8, -0.2791, 687.1
2022-07-31, -142.6203, Baden-Württemberg, 8, -0.2726, 683.6
2022-08-01, -142.6653, Baden-Württemberg, 8, -0.2727, 678.7
2022-08-02, -183.5295, Baden-Württemberg, 8, -0.3508, 615.4
2022-08-03, -216.4204, Baden-Württemberg, 8, -0.4137, 551.3
2022-08-04, -235.9177, Baden-Württemberg, 8, -0.4509, 509.9
2022-08-05, -237.5537, Baden-Württemberg, 8, -0.4541, 470.3
2022-08-06, -216.5193, Baden-Württemberg, 8, -0.4139, 451.5
2022-08-07, -213.2563, Baden-Württemberg, 8, -0.4076, 446.2
2022-08-08, -208.573, Baden-Württemberg, 8, -0.3987, 444.3
2022-08-09, -191.5567, Baden-Württemberg, 8, -0.3661, 413.9
2022-08-10, -151.9779, Baden-Württemberg, 8, -0.2905, 391
2022-08-11, -142.1978, Baden-Württemberg, 8, -0.2718, 355.9
2022-08-12, -129.9008, Baden-Württemberg, 8, -0.2483, 330.9
2022-08-13, -143.1776, Baden-Württemberg, 8, -0.2737, 299.3
2022-08-14, -138.0359, Baden-Württemberg, 8, -0.2638, 293.5
2022-08-15, -136.2651, Baden-Württemberg, 8, -0.2605, 292.6
2022-08-16, -132.3638, Baden-Württemberg, 8, -0.253, 275.5
2022-08-17, -127.9322, Baden-Württemberg, 8, -0.2445, 254.9
2022-08-18, -106.6551, Baden-Württemberg, 8, -0.2039, 245
2022-08-19, -87.5893, Baden-Württemberg, 8, -0.1674, 236.4
2022-08-20, -66.6988, Baden-Württemberg, 8, -0.1275, 230.1
2022-08-21, -60.8199, Baden-Württemberg, 8, -0.1163, 227.3
2022-08-22, -59.939, Baden-Württemberg, 8, -0.1146, 226.3
2022-08-23, -56.3973, Baden-Württemberg, 8, -0.1078, 214
2022-08-24, -48.5229, Baden-Württemberg, 8, -0.0927, 204.7
2022-08-25, -43.4621, Baden-Württemberg, 8, -0.0831, 196.8
2022-08-26, -43.7048, Baden-Württemberg, 8, -0.0835, 190
2022-08-27, -42.7609, Baden-Württemberg, 8, -0.0817, 184.6
2022-08-28, -40.1631, Baden-Württemberg, 8, -0.0768, 184.6
2022-08-29, -39.3181, Baden-Württemberg, 8, -0.0752, 184
2022-08-30, -31.9471, Baden-Württemberg, 8, -0.0611, 181.4
2022-08-31, -26.9042, Baden-Württemberg, 8, -0.0514, 177.5
2022-09-01, -21.5198, Baden-Württemberg, 8, -0.0411, 175.4
2022-09-02, -15.8117, Baden-Württemberg, 8, -0.0302, 173.3
2022-09-03, -12.5397, Baden-Württemberg, 8, -0.024, 172.5
2022-09-04, -12.5128, Baden-Württemberg, 8, -0.0239, 170.4
2022-09-05, -11.8386, Baden-Württemberg, 8, -0.0226, 170.5
2022-09-06, -12.8723, Baden-Württemberg, 8, -0.0246, 167
2022-09-07, -9.8071, Baden-Württemberg, 8, -0.0187, 166.9
2022-09-08, -9.7082, Baden-Württemberg, 8, -0.0186, 164.6
2022-09-09, -6.1845, Baden-Württemberg, 8, -0.0118, 167
2022-09-10, -3.3259, Baden-Württemberg, 8, -0.0064, 170.3
2022-09-11, -1.2405, Baden-Württemberg, 8, -0.0024, 170.6
2022-09-12, -1.4113, Baden-Württemberg, 8, -0.0027, 170.4
2022-09-13, 10.3734, Baden-Württemberg, 8, 0.019, 178.2
2022-09-14, 16.5668, Baden-Württemberg, 8, 0.0303, 183.3
2022-09-15, 19.1467, Baden-Württemberg, 8, 0.035, 187.2
2022-09-16, 22.9131, Baden-Württemberg, 8, 0.0419, 194.3
2022-09-17, 28.2526, Baden-Württemberg, 8, 0.0517, 199.4
2022-09-18, 27.929, Baden-Württemberg, 8, 0.0511, 200.1
2022-09-19, 28.0818, Baden-Württemberg, 8, 0.0514, 200.3
2022-09-20, 21.9333, Baden-Württemberg, 8, 0.0401, 206.6
2022-09-21, 24.1086, Baden-Württemberg, 8, 0.0441, 216.9
2022-09-22, 36.6753, Baden-Württemberg, 8, 0.0671, 233.7
2022-09-23, 42.6531, Baden-Württemberg, 8, 0.078, 248.7
2022-09-24, 52.1545, Baden-Württemberg, 8, 0.0954, 266.6
2022-09-25, 51.6511, Baden-Württemberg, 8, 0.0945, 273
2022-09-26, 51.9747, Baden-Württemberg, 8, 0.0951, 277.1
2022-09-27, 86.8522, Baden-Württemberg, 8, 0.1588, 317.9
2022-09-28, 146.207, Baden-Württemberg, 8, 0.2674, 394.2
2022-09-29, 85.378, Baden-Württemberg, 8, 0.1561, 444.2
2022-09-30, 187.6555, Baden-Württemberg, 8, 0.3432, 489.2
2022-10-01, 220.7442, Baden-Württemberg, 8, 0.4037, 528.8
2022-10-02, 214.1372, Baden-Württemberg, 8, 0.3916, 535.3
2022-10-03, 209.7326, Baden-Württemberg, 8, 0.3836, 540
2022-10-04, 77.0542, Baden-Württemberg, 8, 0.1409, 470.8
2022-10-05, -77.6295, Baden-Württemberg, 8, -0.1484, 484.3
2022-10-06, -46.6352, Baden-Württemberg, 8, -0.0891, 543.9
2022-10-07, 124.822, Baden-Württemberg, 8, 0.2283, 615
2022-10-08, 139.4202, Baden-Württemberg, 8, 0.255, 670.3
2022-10-09, 133.874, Baden-Württemberg, 8, 0.2448, 677.6
2022-10-10, 130.2783, Baden-Württemberg, 8, 0.2383, 679.4
2022-10-11, 395.788, Baden-Württemberg, 8, 0.7239, 836.9
2022-10-12, 521.9943, Baden-Württemberg, 8, 0.9547, 868.7
2022-10-13, 546.7771, Baden-Württemberg, 8, 1, 872.2
2022-10-14, 253.5093, Baden-Württemberg, 8, 0.4636, 853.9
2022-10-15, 161.7221, Baden-Württemberg, 8, 0.2958, 836.1
2022-10-16, 154.351, Baden-Württemberg, 8, 0.2823, 832.9
2022-10-17, 152.1577, Baden-Württemberg, 8, 0.2783, 831.9
2022-10-18, -3.5597, Baden-Württemberg, 8, -0.0068, 802
2022-10-19, -70.2854, Baden-Württemberg, 8, -0.1343, 770.5
2022-10-20, -108.2642, Baden-Württemberg, 8, -0.2069, 727.4
2022-10-21, -148.6879, Baden-Württemberg, 8, -0.2842, 678.7
2022-10-22, -163.0075, Baden-Württemberg, 8, -0.3116, 633.2
2022-10-23, -159.9332, Baden-Württemberg, 8, -0.3057, 624.5
2022-10-24, -159.1782, Baden-Württemberg, 8, -0.3043, 619.6
2022-10-25, -201.0132, Baden-Württemberg, 8, -0.3842, 573.3
2022-10-26, -227.477, Baden-Württemberg, 8, -0.4348, 516.8
2022-10-27, -242.0842, Baden-Württemberg, 8, -0.4627, 463.9
2022-10-28, -237.0773, Baden-Württemberg, 8, -0.4532, 416.9
2022-10-29, -230.5602, Baden-Württemberg, 8, -0.4407, 368.4
2022-10-30, -222.4611, Baden-Württemberg, 8, -0.4252, 352.9
2022-10-31, -218.3711, Baden-Württemberg, 8, -0.4174, 344.2
